study_day,prosaccade_seed,prosaccade_iti_seed,antisaccade_seed,antisaccade_iti_seed
1,20261001,20261101,20261201,20261301
2,20261002,20261102,20261202,20261302
3,20261003,20261103,20261203,20261303
4,20261004,20261104,20261204,20261304
5,20261005,20261105,20261205,20261305
6,20261006,20261106,20261206,20261306
7,20261007,20261107,20261207,20261307
8,20261008,20261108,20261208,20261308
9,20261009,20261109,20261209,20261309
10,20261010,20261110,20261210,20261310
11,20261011,20261111,20261211,20261311
12,20261012,20261112,20261212,20261312
13,20261013,20261113,20261213,20261313
14,20261014,20261114,20261214,20261314
